,original values,predicted,diff,diff^2
22,19990,15214.86338,4775.136622,22801929.76
9,12298,15214.86338,-2916.863378,8508091.964
2,11999,15214.86338,-3215.863378,10341777.26
14,14999,15214.86338,-215.8633776,46596.99779
6,11990,15474.14421,-3484.144213,12139260.89
16,14990,14696.30171,293.6982922,86258.68685
12,14999,14437.02087,561.9791271,315820.5393
,,,-4201.920304,54239736.11
,,,-600.2743291,7748533.73
