,original values,predicted
22,19990,15214.863377609106
9,12298,15214.863377609106
2,11999,15214.863377609106
14,14999,15214.863377609106
6,11990,15474.144212523717
16,14990,14696.301707779885
12,14999,14437.02087286527
